request ID,X flare loc,Y flare loc,FWDFIT X SIGMA,FWDFIT Y SIGMA,MAX X COORD BP,MAX Y COORD BP
"2105070033",307.214,329.077,0.857670,0.675346,303.226,324.505
2105071900, 2105070020, 425.885925, 329.597168, 0.228751, 0.228213, 424.778748, 323.893799
